{
    "input_sequence": "\n<|im_start|>text names= {{name}}\n",
    "output_sequence": "\n<|im_start|>text names= {{name}}\n",
    "last_output_sequence": "",
    "system_sequence": "",
    "stop_sequence": "\n<|im_start|>",
    "wrap": false,
    "macro": true,
    "names_behavior": "none",
    "activation_regex": "",
    "system_sequence_prefix": "",
    "system_sequence_suffix": "",
    "first_output_sequence": "",
    "skip_examples": false,
    "output_suffix": "<|im_end|>",
    "input_suffix": "<|im_end|>",
    "system_suffix": "",
    "user_alignment_message": "",
    "system_same_as_user": true,
    "last_system_sequence": "",
    "name": "DreamGen Role-Play V1 ChatML"
}
