{
    "input_sequence": "\nUSER: ",
    "output_sequence": "\nASSISTANT: ",
    "last_output_sequence": "",
    "system_sequence": "",
    "stop_sequence": "",
    "wrap": false,
    "macro": true,
    "names_behavior": "force",
    "activation_regex": "",
    "system_sequence_prefix": "BEGINNING OF CONVERSATION:",
    "system_sequence_suffix": "",
    "first_output_sequence": "",
    "skip_examples": false,
    "output_suffix": "</s>",
    "input_suffix": "",
    "system_suffix": "",
    "user_alignment_message": "",
    "system_same_as_user": true,
    "last_system_sequence": "",
    "name": "Vicuna 1.1"
}
