{
    "input_sequence": "<|header_start|>user<|header_end|>\n\n",
    "output_sequence": "<|header_start|>assistant<|header_end|>\n\n",
    "last_output_sequence": "",
    "system_sequence": "<|header_start|>system<|header_end|>\n\n",
    "stop_sequence": "<|eot|>",
    "wrap": false,
    "macro": true,
    "names_behavior": "always",
    "activation_regex": "",
    "system_sequence_prefix": "",
    "system_sequence_suffix": "",
    "first_output_sequence": "",
    "skip_examples": false,
    "output_suffix": "<|eot|>",
    "input_suffix": "<|eot|>",
    "system_suffix": "<|eot|>",
    "user_alignment_message": "",
    "system_same_as_user": false,
    "last_system_sequence": "",
    "name": "Llama 4 Instruct"
}
