{
    "story_string": "<|start_header_id|>system<|end_header_id|>\n\n{{#if system}}{{system}}\n{{/if}}{{#if wiBefore}}{{wiBefore}}\n{{/if}}{{#if description}}{{description}}\n{{/if}}{{#if personality}}{{char}}'s personality: {{personality}}\n{{/if}}{{#if scenario}}Scenario: {{scenario}}\n{{/if}}{{#if wiAfter}}{{wiAfter}}\n{{/if}}{{#if persona}}{{persona}}\n{{/if}}{{trim}}<|eot_id|>",
    "example_separator": "",
    "chat_start": "",
    "use_stop_strings": false,
    "allow_jailbreak": false,
    "always_force_name2": true,
    "trim_sentences": false,
    "single_line": false,
    "name": "Llama 3 Instruct"
}
